<?xml version="1.0"?>
<opencv_storage>
<cascade>
  <stageType>BOOST</stageType>
  <featureType>HAAR</featureType>
  <height>24</height>
  <width>24</width>
  <stageParams>
    <boostType>GAB</boostType>
    <minHitRate>9.9500000476837158e-01</minHitRate>
    <maxFalseAlarm>5.0000000000000000e-01</maxFalseAlarm>
    <weightTrimRate>9.4999998807907104e-01</weightTrimRate>
    <maxDepth>1</maxDepth>
    <maxWeakCount>100</maxWeakCount></stageParams>
  <featureParams>
    <maxCatCount>0</maxCatCount>
    <featSize>1</featSize>
    <mode>BASIC</mode></featureParams>
  <stageNum>17</stageNum>
  <stages>
    <!-- stage 0 -->
    <_>
      <maxWeakCount>3</maxWeakCount>
      <stageThreshold>-1.3362258672714233e+00</stageThreshold>
      <weakClassifiers>
        <_>
          <internalNodes>
            0 -1 14 -2.3685608059167862e-02</internalNodes>
          <leafValues>
            5.2631580829620361e-01 -8.9108908176422119e-01</leafValues></_>
        <_>
          <internalNodes>
            0 -1 4 1.2448268011212349e-02</internalNodes>
          <leafValues>
            -9.5287609100341797e-01 3.8778924942016602e-01</leafValues></_>
        <_>
          <internalNodes>
            0 -1 62 -5.0788983702659607e-02</internalNodes>
          <leafValues>
            5.2498197555541992e-01 -8.3292603492736816e-01</leafValues></_></weakClassifiers></_>
    <!-- stage 1 -->
    <_>
      <maxWeakCount>3</maxWeakCount>
      <stageThreshold>-1.4375269412994385e+00</stageThreshold>
      <weakClassifiers>
        <_>
          <internalNodes>
            0 -1 5 2.8693374246358871e-02</internalNodes>
          <leafValues>
            -8.4210526943206787e-01 5.1612901687622070e-01</leafValues></_>
        <_>
          <internalNodes>
            0 -1 40 -2.5719193741679192e-02</internalNodes>
          <leafValues>
            4.8414885997772217e-01 -8.8815796375274658e-01</leafValues></_>
        <_>
          <internalNodes>
            0 -1 20 -1.3401350937783718e-02</internalNodes>
          <leafValues>
            2.9273623228073120e-01 -9.5324516296386719e-01</leafValues></_></weakClassifiers></_>
    <!-- stage 2 -->
    <_>
      <maxWeakCount>4</maxWeakCount>
      <stageThreshold>-1.0034824609756470e+00</stageThreshold>
      <weakClassifiers>
        <_>
          <internalNodes>
            0 -1 15 -1.5919279307126999e-02</internalNodes>
          <leafValues>
            6.1290323734283447e-01 -8.5645931959152222e-01</leafValues></_>
        <_>
          <internalNodes>
            0 -1 12 4.1584849357604980e-02</internalNodes>
          <leafValues>
            -9.4217103719711304e-01 2.7555280923843384e-01</leafValues></_>
        <_>
          <internalNodes>
            0 -1 55 5.4093487560749054e-03</internalNodes>
          <leafValues>
            -9.1209083795547485e-01 2.7257576584815979e-01</leafValues></_>
        <_>
          <internalNodes>
            0 -1 65 -5.6202456355094910e-02</internalNodes>
          <leafValues>
            5.6857347488403320e-01 -6.9515168666839600e-01</leafValues></_></weakClassifiers></_>
    <!-- stage 3 -->
    <_>
      <maxWeakCount>5</maxWeakCount>
      <stageThreshold>-1.3962930440902710e+00</stageThreshold>
      <weakClassifiers>
        <_>
          <internalNodes>
            0 -1 13 -3.1688608229160309e-02</internalNodes>
          <leafValues>
            3.8461539149284363e-01 -8.3132529258728027e-01</leafValues></_>
        <_>
          <internalNodes>
            0 -1 67 -1.1275375261902809e-02</internalNodes>
          <leafValues>
            6.0481733083724976e-01 -6.6875725984573364e-01</leafValues></_>
        <_>
          <internalNodes>
            0 -1 47 -1.6156644560396671e-03</internalNodes>
          <leafValues>
            4.7892764210700989e-01 -7.3838460445404053e-01</leafValues></_>
        <_>
          <internalNodes>
            0 -1 1 4.9405312165617943e-03</internalNodes>
          <leafValues>
            -6.6451179981231689e-01 4.8747047781944275e-01</leafValues></_>
        <_>
          <internalNodes>
            0 -1 49 -2.9387383256107569e-03</internalNodes>
          <leafValues>
            3.5470369458198547e-01 -8.3354425430297852e-01</leafValues></_></weakClassifiers></_>
    <!-- stage 4 -->
    <_>
      <maxWeakCount>4</maxWeakCount>
      <stageThreshold>-1.4332591295242310e+00</stageThreshold>
      <weakClassifiers>
        <_>
          <internalNodes>
            0 -1 73 -2.7360472828149796e-02</internalNodes>
          <leafValues>
            4.5762711763381958e-01 -8.2422804832458496e-01</leafValues></_>
        <_>
          <internalNodes>
            0 -1 22 6.5816892310976982e-03</internalNodes>
          <leafValues>
            -6.8682426214218140e-01 4.9458575248718262e-01</leafValues></_>
        <_>
          <internalNodes>
            0 -1 68 -3.7064939737319946e-02</internalNodes>
          <leafValues>
            5.4182320833206177e-01 -6.4876419305801392e-01</leafValues></_>
        <_>
          <internalNodes>
            0 -1 21 3.6029829643666744e-03</internalNodes>
          <leafValues>
            -4.2142471671104431e-01 7.2655743360519409e-01</leafValues></_></weakClassifiers></_>
    <!-- stage 5 -->
    <_>
      <maxWeakCount>5</maxWeakCount>
      <stageThreshold>-1.6328881978988647e+00</stageThreshold>
      <weakClassifiers>
        <_>
          <internalNodes>
            0 -1 23 -2.6408497244119644e-02</internalNodes>
          <leafValues>
            5.4545456171035767e-01 -7.8899085521697998e-01</leafValues></_>
        <_>
          <internalNodes>
            0 -1 48 -4.8733828589320183e-04</internalNodes>
          <leafValues>
            2.0874027907848358e-01 -8.1881016492843628e-01</leafValues></_>
        <_>
          <internalNodes>
            0 -1 0 7.5461240485310555e-03</internalNodes>
          <leafValues>
            1.8973307311534882e-01 -9.8524767160415649e-01</leafValues></_>
        <_>
          <internalNodes>
            0 -1 28 -2.0118506625294685e-02</internalNodes>
          <leafValues>
            -8.7749236822128296e-01 3.2385575771331787e-01</leafValues></_>
        <_>
          <internalNodes>
            0 -1 66 6.0526840388774872e-03</internalNodes>
          <leafValues>
            -4.6346655488014221e-01 6.6267204284667969e-01</leafValues></_></weakClassifiers></_>
    <!-- stage 6 -->
    <_>
      <maxWeakCount>4</maxWeakCount>
      <stageThreshold>-1.2526516914367676e+00</stageThreshold>
      <weakClassifiers>
        <_>
          <internalNodes>
            0 -1 18 1.0927356779575348e-02</internalNodes>
          <leafValues>
            -7.9487180709838867e-01 4.1176471114158630e-01</leafValues></_>
        <_>
          <internalNodes>
            0 -1 64 -3.6192419938743114e-03</internalNodes>
          <leafValues>
            2.5051981210708618e-01 -7.7206456661224365e-01</leafValues></_>
        <_>
          <internalNodes>
            0 -1 52 -3.8475869223475456e-03</internalNodes>
          <leafValues>
            -9.5880365371704102e-01 2.2520644962787628e-01</leafValues></_>
        <_>
          <internalNodes>
            0 -1 39 1.4824949204921722e-02</internalNodes>
          <leafValues>
            3.5023865103721619e-01 -9.3350613117218018e-01</leafValues></_></weakClassifiers></_>
    <!-- stage 7 -->
    <_>
      <maxWeakCount>5</maxWeakCount>
      <stageThreshold>-1.1506507396697998e+00</stageThreshold>
      <weakClassifiers>
        <_>
          <internalNodes>
            0 -1 70 -1.4451389200985432e-02</internalNodes>
          <leafValues>
            3.7931033968925476e-01 -8.1042653322219849e-01</leafValues></_>
        <_>
          <internalNodes>
            0 -1 2 4.5496653765439987e-02</internalNodes>
          <leafValues>
            -5.2839404344558716e-01 6.8836861848831177e-01</leafValues></_>
        <_>
          <internalNodes>
            0 -1 63 -2.4204514920711517e-03</internalNodes>
          <leafValues>
            -9.7660118341445923e-01 2.6701208949089050e-01</leafValues></_>
        <_>
          <internalNodes>
            0 -1 72 -1.6711454372853041e-03</internalNodes>
          <leafValues>
            5.9099048376083374e-01 -4.3770313262939453e-01</leafValues></_>
        <_>
          <internalNodes>
            0 -1 57 1.3240626081824303e-02</internalNodes>
          <leafValues>
            3.5886090993881226e-01 -9.4581192731857300e-01</leafValues></_></weakClassifiers></_>
    <!-- stage 8 -->
    <_>
      <maxWeakCount>5</maxWeakCount>
      <stageThreshold>-1.8377587795257568e+00</stageThreshold>
      <weakClassifiers>
        <_>
          <internalNodes>
            0 -1 10 1.6060537099838257e-01</internalNodes>
          <leafValues>
            -8.5204082727432251e-01 1.5909090638160706e-01</leafValues></_>
        <_>
          <internalNodes>
            0 -1 58 6.1160000041127205e-04</internalNodes>
          <leafValues>
            -8.2375746965408325e-01 2.6341038942337036e-01</leafValues></_>
        <_>
          <internalNodes>
            0 -1 27 -7.4813538230955601e-04</internalNodes>
          <leafValues>
            3.6745688319206238e-01 -6.4445614814758301e-01</leafValues></_>
        <_>
          <internalNodes>
            0 -1 50 8.6206588894128799e-03</internalNodes>
          <leafValues>
            -9.3030780553817749e-01 2.3168225586414337e-01</leafValues></_>
        <_>
          <internalNodes>
            0 -1 59 -2.5244796648621559e-02</internalNodes>
          <leafValues>
            -9.3717187643051147e-01 2.5081342458724976e-01</leafValues></_></weakClassifiers></_>
    <!-- stage 9 -->
    <_>
      <maxWeakCount>5</maxWeakCount>
      <stageThreshold>-1.4044681787490845e+00</stageThreshold>
      <weakClassifiers>
        <_>
          <internalNodes>
            0 -1 34 3.7836004048585892e-03</internalNodes>
          <leafValues>
            -8.0335730314254761e-01 2.3809523880481720e-01</leafValues></_>
        <_>
          <internalNodes>
            0 -1 6 2.1243217587471008e-01</internalNodes>
          <leafValues>
            -6.9933497905731201e-01 3.5609969496726990e-01</leafValues></_>
        <_>
          <internalNodes>
            0 -1 31 -2.3224707692861557e-03</internalNodes>
          <leafValues>
            2.3429490625858307e-01 -9.3866431713104248e-01</leafValues></_>
        <_>
          <internalNodes>
            0 -1 74 -4.6604499220848083e-03</internalNodes>
          <leafValues>
            6.7663884162902832e-01 -4.1261172294616699e-01</leafValues></_>
        <_>
          <internalNodes>
            0 -1 19 4.7055759932845831e-04</internalNodes>
          <leafValues>
            3.3580151200294495e-01 -8.1270956993103027e-01</leafValues></_></weakClassifiers></_>
    <!-- stage 10 -->
    <_>
      <maxWeakCount>6</maxWeakCount>
      <stageThreshold>-1.4529200792312622e+00</stageThreshold>
      <weakClassifiers>
        <_>
          <internalNodes>
            0 -1 25 1.0718967765569687e-02</internalNodes>
          <leafValues>
            -7.6179772615432739e-01 5.4285717010498047e-01</leafValues></_>
        <_>
          <internalNodes>
            0 -1 3 1.8658226728439331e-01</internalNodes>
          <leafValues>
            -6.9155281782150269e-01 3.0697765946388245e-01</leafValues></_>
        <_>
          <internalNodes>
            0 -1 51 4.4912617886438966e-04</internalNodes>
          <leafValues>
            2.5591206550598145e-01 -8.8849985599517822e-01</leafValues></_>
        <_>
          <internalNodes>
            0 -1 41 -5.8496266137808561e-04</internalNodes>
          <leafValues>
            -7.1762061119079590e-01 3.6046996712684631e-01</leafValues></_>
        <_>
          <internalNodes>
            0 -1 43 2.5709774345159531e-03</internalNodes>
          <leafValues>
            2.2836829721927643e-01 -1.</leafValues></_>
        <_>
          <internalNodes>
            0 -1 53 9.8537397570908070e-04</internalNodes>
          <leafValues>
            -7.5111097097396851e-01 3.0009210109710693e-01</leafValues></_></weakClassifiers></_>
    <!-- stage 11 -->
    <_>
      <maxWeakCount>6</maxWeakCount>
      <stageThreshold>-9.9193888902664185e-01</stageThreshold>
      <weakClassifiers>
        <_>
          <internalNodes>
            0 -1 71 1.3636831194162369e-02</internalNodes>
          <leafValues>
            -7.6339286565780640e-01 6.8750000000000000e-01</leafValues></_>
        <_>
          <internalNodes>
            0 -1 8 2.2764991968870163e-02</internalNodes>
          <leafValues>
            -7.9761093854904175e-01 2.6002272963523865e-01</leafValues></_>
        <_>
          <internalNodes>
            0 -1 36 -1.3411822728812695e-03</internalNodes>
          <leafValues>
            -6.7086374759674072e-01 3.3424213528633118e-01</leafValues></_>
        <_>
          <internalNodes>
            0 -1 56 7.0989561208989471e-05</internalNodes>
          <leafValues>
            -9.4311708211898804e-01 2.2138196229934692e-01</leafValues></_>
        <_>
          <internalNodes>
            0 -1 54 -1.4200203586369753e-03</internalNodes>
          <leafValues>
            4.6224504709243774e-01 -5.7143080234527588e-01</leafValues></_>
        <_>
          <internalNodes>
            0 -1 42 2.6995702646672726e-03</internalNodes>
          <leafValues>
            -4.4880425930023193e-01 5.9020215272903442e-01</leafValues></_></weakClassifiers></_>
    <!-- stage 12 -->
    <_>
      <maxWeakCount>4</maxWeakCount>
      <stageThreshold>-8.9812421798706055e-01</stageThreshold>
      <weakClassifiers>
        <_>
          <internalNodes>
            0 -1 69 -1.9996698945760727e-02</internalNodes>
          <leafValues>
            1. -7.5438594818115234e-01</leafValues></_>
        <_>
          <internalNodes>
            0 -1 24 -3.8092099130153656e-03</internalNodes>
          <leafValues>
            4.9522346258163452e-01 -6.1556553840637207e-01</leafValues></_>
        <_>
          <internalNodes>
            0 -1 38 -7.1547776460647583e-03</internalNodes>
          <leafValues>
            -1. 2.8187987208366394e-01</leafValues></_>
        <_>
          <internalNodes>
            0 -1 29 5.3403917700052261e-03</internalNodes>
          <leafValues>
            2.6244452595710754e-01 -9.2084163427352905e-01</leafValues></_></weakClassifiers></_>
    <!-- stage 13 -->
    <_>
      <maxWeakCount>5</maxWeakCount>
      <stageThreshold>-1.1985282897949219e+00</stageThreshold>
      <weakClassifiers>
        <_>
          <internalNodes>
            0 -1 16 9.7508132457733154e-03</internalNodes>
          <leafValues>
            -7.7375566959381104e-01 5.7894736528396606e-01</leafValues></_>
        <_>
          <internalNodes>
            0 -1 37 2.6329294778406620e-03</internalNodes>
          <leafValues>
            -6.0886353254318237e-01 5.1810783147811890e-01</leafValues></_>
        <_>
          <internalNodes>
            0 -1 11 1.0488441213965416e-02</internalNodes>
          <leafValues>
            -4.5474952459335327e-01 7.0703589916229248e-01</leafValues></_>
        <_>
          <internalNodes>
            0 -1 26 1.0172106325626373e-02</internalNodes>
          <leafValues>
            4.2633569240570068e-01 -7.7350449562072754e-01</leafValues></_>
        <_>
          <internalNodes>
            0 -1 35 1.1086544021964073e-02</internalNodes>
          <leafValues>
            2.8537353873252869e-01 -9.1716468334197998e-01</leafValues></_></weakClassifiers></_>
    <!-- stage 14 -->
    <_>
      <maxWeakCount>5</maxWeakCount>
      <stageThreshold>-1.2793223857879639e+00</stageThreshold>
      <weakClassifiers>
        <_>
          <internalNodes>
            0 -1 33 4.8207901418209076e-03</internalNodes>
          <leafValues>
            -7.9591834545135498e-01 7.9487180709838867e-01</leafValues></_>
        <_>
          <internalNodes>
            0 -1 9 -1.2345584109425545e-02</internalNodes>
          <leafValues>
            4.6412262320518494e-01 -6.4370906352996826e-01</leafValues></_>
        <_>
          <internalNodes>
            0 -1 44 4.3801218271255493e-03</internalNodes>
          <leafValues>
            -7.5752300024032593e-01 3.6482772231101990e-01</leafValues></_>
        <_>
          <internalNodes>
            0 -1 17 2.1070627495646477e-02</internalNodes>
          <leafValues>
            3.0904689431190491e-01 -9.7953003644943237e-01</leafValues></_>
        <_>
          <internalNodes>
            0 -1 45 1.7353103030472994e-03</internalNodes>
          <leafValues>
            -4.9905058741569519e-01 7.3755568265914917e-01</leafValues></_></weakClassifiers></_>
    <!-- stage 15 -->
    <_>
      <maxWeakCount>3</maxWeakCount>
      <stageThreshold>-1.3089972734451294e+00</stageThreshold>
      <weakClassifiers>
        <_>
          <internalNodes>
            0 -1 30 4.4150357134640217e-03</internalNodes>
          <leafValues>
            -8.5614848136901855e-01 1.</leafValues></_>
        <_>
          <internalNodes>
            0 -1 7 4.8245480284094810e-03</internalNodes>
          <leafValues>
            -8.4154170751571655e-01 3.9002609252929688e-01</leafValues></_>
        <_>
          <internalNodes>
            0 -1 61 1.3233392382971942e-04</internalNodes>
          <leafValues>
            5.6661152839660645e-01 -8.4287494421005249e-01</leafValues></_></weakClassifiers></_>
    <!-- stage 16 -->
    <_>
      <maxWeakCount>3</maxWeakCount>
      <stageThreshold>-7.0604801177978516e-01</stageThreshold>
      <weakClassifiers>
        <_>
          <internalNodes>
            0 -1 32 -4.2627300717867911e-04</internalNodes>
          <leafValues>
            1. -8.9125293493270874e-01</leafValues></_>
        <_>
          <internalNodes>
            0 -1 46 -2.0787066314369440e-03</internalNodes>
          <leafValues>
            1. -8.1479507684707642e-01</leafValues></_>
        <_>
          <internalNodes>
            0 -1 60 -8.5461972048506141e-05</internalNodes>
          <leafValues>
            1. -7.2875243425369263e-01</leafValues></_></weakClassifiers></_></stages>
  <features>
    <_>
      <rects>
        <_>
          0 2 15 18 -1.</_>
        <_>
          0 11 15 9 2.</_></rects>
      <tilted>0</tilted></_>
    <_>
      <rects>
        <_>
          0 3 4 6 -1.</_>
        <_>
          2 3 2 6 2.</_></rects>
      <tilted>0</tilted></_>
    <_>
      <rects>
        <_>
          0 4 4 16 -1.</_>
        <_>
          2 4 2 16 2.</_></rects>
      <tilted>0</tilted></_>
    <_>
      <rects>
        <_>
          0 4 24 20 -1.</_>
        <_>
          8 4 8 20 3.</_></rects>
      <tilted>0</tilted></_>
    <_>
      <rects>
        <_>
          0 5 14 6 -1.</_>
        <_>
          0 5 7 3 2.</_>
        <_>
          7 8 7 3 2.</_></rects>
      <tilted>0</tilted></_>
    <_>
      <rects>
        <_>
          0 6 6 7 -1.</_>
        <_>
          2 6 2 7 3.</_></rects>
      <tilted>0</tilted></_>
    <_>
      <rects>
        <_>
          0 6 24 17 -1.</_>
        <_>
          8 6 8 17 3.</_></rects>
      <tilted>0</tilted></_>
    <_>
      <rects>
        <_>
          0 8 11 9 -1.</_>
        <_>
          0 11 11 3 3.</_></rects>
      <tilted>0</tilted></_>
    <_>
      <rects>
        <_>
          0 9 8 15 -1.</_>
        <_>
          4 9 4 15 2.</_></rects>
      <tilted>0</tilted></_>
    <_>
      <rects>
        <_>
          0 13 4 10 -1.</_>
        <_>
          0 18 4 5 2.</_></rects>
      <tilted>0</tilted></_>
    <_>
      <rects>
        <_>
          0 16 24 6 -1.</_>
        <_>
          8 16 8 6 3.</_></rects>
      <tilted>0</tilted></_>
    <_>
      <rects>
        <_>
          0 22 24 2 -1.</_>
        <_>
          0 23 24 1 2.</_></rects>
      <tilted>0</tilted></_>
    <_>
      <rects>
        <_>
          1 3 14 20 -1.</_>
        <_>
          1 3 7 10 2.</_>
        <_>
          8 13 7 10 2.</_></rects>
      <tilted>0</tilted></_>
    <_>
      <rects>
        <_>
          2 1 6 6 -1.</_>
        <_>
          2 1 3 3 2.</_>
        <_>
          5 4 3 3 2.</_></rects>
      <tilted>0</tilted></_>
    <_>
      <rects>
        <_>
          2 1 8 6 -1.</_>
        <_>
          2 1 4 3 2.</_>
        <_>
          6 4 4 3 2.</_></rects>
      <tilted>0</tilted></_>
    <_>
      <rects>
        <_>
          2 2 4 8 -1.</_>
        <_>
          2 2 2 4 2.</_>
        <_>
          4 6 2 4 2.</_></rects>
      <tilted>0</tilted></_>
    <_>
      <rects>
        <_>
          2 3 1 6 -1.</_>
        <_>
          2 5 1 2 3.</_></rects>
      <tilted>0</tilted></_>
    <_>
      <rects>
        <_>
          2 7 6 9 -1.</_>
        <_>
          2 10 6 3 3.</_></rects>
      <tilted>0</tilted></_>
    <_>
      <rects>
        <_>
          2 9 3 7 -1.</_>
        <_>
          3 9 1 7 3.</_></rects>
      <tilted>0</tilted></_>
    <_>
      <rects>
        <_>
          2 10 8 2 -1.</_>
        <_>
          2 11 8 1 2.</_></rects>
      <tilted>0</tilted></_>
    <_>
      <rects>
        <_>
          2 10 12 8 -1.</_>
        <_>
          2 14 12 4 2.</_></rects>
      <tilted>0</tilted></_>
    <_>
      <rects>
        <_>
          2 13 2 5 -1.</_>
        <_>
          3 13 1 5 2.</_></rects>
      <tilted>0</tilted></_>
    <_>
      <rects>
        <_>
          3 1 4 2 -1.</_>
        <_>
          5 1 2 2 2.</_></rects>
      <tilted>0</tilted></_>
    <_>
      <rects>
        <_>
          3 1 6 4 -1.</_>
        <_>
          3 1 3 2 2.</_>
        <_>
          6 3 3 2 2.</_></rects>
      <tilted>0</tilted></_>
    <_>
      <rects>
        <_>
          3 2 2 10 -1.</_>
        <_>
          3 2 1 5 2.</_>
        <_>
          4 7 1 5 2.</_></rects>
      <tilted>0</tilted></_>
    <_>
      <rects>
        <_>
          3 10 2 12 -1.</_>
        <_>
          3 10 1 6 2.</_>
        <_>
          4 16 1 6 2.</_></rects>
      <tilted>0</tilted></_>
    <_>
      <rects>
        <_>
          3 12 14 3 -1.</_>
        <_>
          10 12 7 3 2.</_></rects>
      <tilted>0</tilted></_>
    <_>
      <rects>
        <_>
          4 6 3 3 -1.</_>
        <_>
          4 7 3 1 3.</_></rects>
      <tilted>0</tilted></_>
    <_>
      <rects>
        <_>
          4 6 6 10 -1.</_>
        <_>
          4 11 6 5 2.</_></rects>
      <tilted>0</tilted></_>
    <_>
      <rects>
        <_>
          4 9 8 3 -1.</_>
        <_>
          8 9 4 3 2.</_></rects>
      <tilted>0</tilted></_>
    <_>
      <rects>
        <_>
          5 2 2 12 -1.</_>
        <_>
          5 2 1 6 2.</_>
        <_>
          6 8 1 6 2.</_></rects>
      <tilted>0</tilted></_>
    <_>
      <rects>
        <_>
          5 3 9 7 -1.</_>
        <_>
          8 3 3 7 3.</_></rects>
      <tilted>0</tilted></_>
    <_>
      <rects>
        <_>
          5 4 3 3 -1.</_>
        <_>
          6 4 1 3 3.</_></rects>
      <tilted>0</tilted></_>
    <_>
      <rects>
        <_>
          5 5 2 8 -1.</_>
        <_>
          5 5 1 4 2.</_>
        <_>
          6 9 1 4 2.</_></rects>
      <tilted>0</tilted></_>
    <_>
      <rects>
        <_>
          5 9 3 5 -1.</_>
        <_>
          6 9 1 5 3.</_></rects>
      <tilted>0</tilted></_>
    <_>
      <rects>
        <_>
          6 6 12 8 -1.</_>
        <_>
          10 6 4 8 3.</_></rects>
      <tilted>0</tilted></_>
    <_>
      <rects>
        <_>
          6 7 9 2 -1.</_>
        <_>
          9 7 3 2 3.</_></rects>
      <tilted>0</tilted></_>
    <_>
      <rects>
        <_>
          6 8 3 6 -1.</_>
        <_>
          7 8 1 6 3.</_></rects>
      <tilted>0</tilted></_>
    <_>
      <rects>
        <_>
          6 8 8 7 -1.</_>
        <_>
          10 8 4 7 2.</_></rects>
      <tilted>0</tilted></_>
    <_>
      <rects>
        <_>
          6 8 12 8 -1.</_>
        <_>
          12 8 6 8 2.</_></rects>
      <tilted>0</tilted></_>
    <_>
      <rects>
        <_>
          7 1 8 9 -1.</_>
        <_>
          7 4 8 3 3.</_></rects>
      <tilted>0</tilted></_>
    <_>
      <rects>
        <_>
          7 6 4 2 -1.</_>
        <_>
          9 6 2 2 2.</_></rects>
      <tilted>0</tilted></_>
    <_>
      <rects>
        <_>
          7 7 3 9 -1.</_>
        <_>
          8 7 1 9 3.</_></rects>
      <tilted>0</tilted></_>
    <_>
      <rects>
        <_>
          7 7 9 2 -1.</_>
        <_>
          10 7 3 2 3.</_></rects>
      <tilted>0</tilted></_>
    <_>
      <rects>
        <_>
          7 7 3 9 -1.</_>
        <_>
          7 10 3 3 3.</_></rects>
      <tilted>0</tilted></_>
    <_>
      <rects>
        <_>
          7 8 3 4 -1.</_>
        <_>
          8 8 1 4 3.</_></rects>
      <tilted>0</tilted></_>
    <_>
      <rects>
        <_>
          7 17 9 4 -1.</_>
        <_>
          10 17 3 4 3.</_></rects>
      <tilted>0</tilted></_>
    <_>
      <rects>
        <_>
          8 13 2 6 -1.</_>
        <_>
          8 15 2 2 3.</_></rects>
      <tilted>0</tilted></_>
    <_>
      <rects>
        <_>
          8 16 9 2 -1.</_>
        <_>
          11 16 3 2 3.</_></rects>
      <tilted>0</tilted></_>
    <_>
      <rects>
        <_>
          9 1 1 9 -1.</_>
        <_>
          9 4 1 3 3.</_></rects>
      <tilted>0</tilted></_>
    <_>
      <rects>
        <_>
          9 3 4 18 -1.</_>
        <_>
          9 9 4 6 3.</_></rects>
      <tilted>0</tilted></_>
    <_>
      <rects>
        <_>
          9 5 4 1 -1.</_>
        <_>
          11 5 2 1 2.</_></rects>
      <tilted>0</tilted></_>
    <_>
      <rects>
        <_>
          9 7 6 9 -1.</_>
        <_>
          12 7 3 9 2.</_></rects>
      <tilted>0</tilted></_>
    <_>
      <rects>
        <_>
          9 16 4 4 -1.</_>
        <_>
          9 18 4 2 2.</_></rects>
      <tilted>0</tilted></_>
    <_>
      <rects>
        <_>
          10 5 3 6 -1.</_>
        <_>
          10 7 3 2 3.</_></rects>
      <tilted>0</tilted></_>
    <_>
      <rects>
        <_>
          10 5 5 6 -1.</_>
        <_>
          10 8 5 3 2.</_></rects>
      <tilted>0</tilted></_>
    <_>
      <rects>
        <_>
          10 6 4 2 -1.</_>
        <_>
          10 7 4 1 2.</_></rects>
      <tilted>0</tilted></_>
    <_>
      <rects>
        <_>
          11 1 2 18 -1.</_>
        <_>
          11 10 2 9 2.</_></rects>
      <tilted>0</tilted></_>
    <_>
      <rects>
        <_>
          11 3 6 5 -1.</_>
        <_>
          14 3 3 5 2.</_></rects>
      <tilted>0</tilted></_>
    <_>
      <rects>
        <_>
          11 7 4 14 -1.</_>
        <_>
          11 14 4 7 2.</_></rects>
      <tilted>0</tilted></_>
    <_>
      <rects>
        <_>
          12 2 2 3 -1.</_>
        <_>
          12 3 2 1 3.</_></rects>
      <tilted>0</tilted></_>
    <_>
      <rects>
        <_>
          12 4 4 4 -1.</_>
        <_>
          12 4 2 2 2.</_>
        <_>
          14 6 2 2 2.</_></rects>
      <tilted>0</tilted></_>
    <_>
      <rects>
        <_>
          12 15 12 9 -1.</_>
        <_>
          18 15 6 9 2.</_></rects>
      <tilted>0</tilted></_>
    <_>
      <rects>
        <_>
          13 2 2 16 -1.</_>
        <_>
          13 10 2 8 2.</_></rects>
      <tilted>0</tilted></_>
    <_>
      <rects>
        <_>
          13 9 1 15 -1.</_>
        <_>
          13 14 1 5 3.</_></rects>
      <tilted>0</tilted></_>
    <_>
      <rects>
        <_>
          13 14 10 10 -1.</_>
        <_>
          18 14 5 10 2.</_></rects>
      <tilted>0</tilted></_>
    <_>
      <rects>
        <_>
          14 2 6 4 -1.</_>
        <_>
          14 2 3 2 2.</_>
        <_>
          17 4 3 2 2.</_></rects>
      <tilted>0</tilted></_>
    <_>
      <rects>
        <_>
          15 13 4 10 -1.</_>
        <_>
          15 13 2 5 2.</_>
        <_>
          17 18 2 5 2.</_></rects>
      <tilted>0</tilted></_>
    <_>
      <rects>
        <_>
          16 10 7 12 -1.</_>
        <_>
          16 16 7 6 2.</_></rects>
      <tilted>0</tilted></_>
    <_>
      <rects>
        <_>
          16 14 4 6 -1.</_>
        <_>
          16 14 2 3 2.</_>
        <_>
          18 17 2 3 2.</_></rects>
      <tilted>0</tilted></_>
    <_>
      <rects>
        <_>
          17 16 6 2 -1.</_>
        <_>
          20 16 3 2 2.</_></rects>
      <tilted>0</tilted></_>
    <_>
      <rects>
        <_>
          19 6 3 9 -1.</_>
        <_>
          20 6 1 9 3.</_></rects>
      <tilted>0</tilted></_>
    <_>
      <rects>
        <_>
          19 11 3 3 -1.</_>
        <_>
          20 11 1 3 3.</_></rects>
      <tilted>0</tilted></_>
    <_>
      <rects>
        <_>
          20 8 4 10 -1.</_>
        <_>
          22 8 2 10 2.</_></rects>
      <tilted>0</tilted></_>
    <_>
      <rects>
        <_>
          22 10 2 6 -1.</_>
        <_>
          23 10 1 6 2.</_></rects>
      <tilted>0</tilted></_></features></cascade>
</opencv_storage>
