<?xml version="1.0"?>
<opencv_storage>
<stage0>
  <maxWeakCount>3</maxWeakCount>
  <stageThreshold>-1.3362258672714233e+00</stageThreshold>
  <weakClassifiers>
    <_>
      <internalNodes>
        0 -1 27047 -2.3685608059167862e-02</internalNodes>
      <leafValues>
        5.2631580829620361e-01 -8.9108908176422119e-01</leafValues></_>
    <_>
      <internalNodes>
        0 -1 5370 1.2448268011212349e-02</internalNodes>
      <leafValues>
        -9.5287609100341797e-01 3.8778924942016602e-01</leafValues></_>
    <_>
      <internalNodes>
        0 -1 127241 -5.0788983702659607e-02</internalNodes>
      <leafValues>
        5.2498197555541992e-01 -8.3292603492736816e-01</leafValues></_></weakClassifiers></stage0>
</opencv_storage>
