<?xml version="1.0"?>
<opencv_storage>
<stage8>
  <maxWeakCount>5</maxWeakCount>
  <stageThreshold>-1.8377587795257568e+00</stageThreshold>
  <weakClassifiers>
    <_>
      <internalNodes>
        0 -1 12083 1.6060537099838257e-01</internalNodes>
      <leafValues>
        -8.5204082727432251e-01 1.5909090638160706e-01</leafValues></_>
    <_>
      <internalNodes>
        0 -1 116192 6.1160000041127205e-04</internalNodes>
      <leafValues>
        -8.2375746965408325e-01 2.6341038942337036e-01</leafValues></_>
    <_>
      <internalNodes>
        0 -1 54373 -7.4813538230955601e-04</internalNodes>
      <leafValues>
        3.6745688319206238e-01 -6.4445614814758301e-01</leafValues></_>
    <_>
      <internalNodes>
        0 -1 100793 8.6206588894128799e-03</internalNodes>
      <leafValues>
        -9.3030780553817749e-01 2.3168225586414337e-01</leafValues></_>
    <_>
      <internalNodes>
        0 -1 118056 -2.5244796648621559e-02</internalNodes>
      <leafValues>
        -9.3717187643051147e-01 2.5081342458724976e-01</leafValues></_></weakClassifiers></stage8>
</opencv_storage>
