<?xml version="1.0"?>
<opencv_storage>
<stage3>
  <maxWeakCount>5</maxWeakCount>
  <stageThreshold>-1.3962930440902710e+00</stageThreshold>
  <weakClassifiers>
    <_>
      <internalNodes>
        0 -1 26972 -3.1688608229160309e-02</internalNodes>
      <leafValues>
        3.8461539149284363e-01 -8.3132529258728027e-01</leafValues></_>
    <_>
      <internalNodes>
        0 -1 143079 -1.1275375261902809e-02</internalNodes>
      <leafValues>
        6.0481733083724976e-01 -6.6875725984573364e-01</leafValues></_>
    <_>
      <internalNodes>
        0 -1 96829 -1.6156644560396671e-03</internalNodes>
      <leafValues>
        4.7892764210700989e-01 -7.3838460445404053e-01</leafValues></_>
    <_>
      <internalNodes>
        0 -1 3226 4.9405312165617943e-03</internalNodes>
      <leafValues>
        -6.6451179981231689e-01 4.8747047781944275e-01</leafValues></_>
    <_>
      <internalNodes>
        0 -1 99337 -2.9387383256107569e-03</internalNodes>
      <leafValues>
        3.5470369458198547e-01 -8.3354425430297852e-01</leafValues></_></weakClassifiers></stage3>
</opencv_storage>
