<?xml version="1.0"?>
<opencv_storage>
<stage9>
  <maxWeakCount>5</maxWeakCount>
  <stageThreshold>-1.4044681787490845e+00</stageThreshold>
  <weakClassifiers>
    <_>
      <internalNodes>
        0 -1 66705 3.7836004048585892e-03</internalNodes>
      <leafValues>
        -8.0335730314254761e-01 2.3809523880481720e-01</leafValues></_>
    <_>
      <internalNodes>
        0 -1 6309 2.1243217587471008e-01</internalNodes>
      <leafValues>
        -6.9933497905731201e-01 3.5609969496726990e-01</leafValues></_>
    <_>
      <internalNodes>
        0 -1 63011 -2.3224707692861557e-03</internalNodes>
      <leafValues>
        2.3429490625858307e-01 -9.3866431713104248e-01</leafValues></_>
    <_>
      <internalNodes>
        0 -1 161807 -4.6604499220848083e-03</internalNodes>
      <leafValues>
        6.7663884162902832e-01 -4.1261172294616699e-01</leafValues></_>
    <_>
      <internalNodes>
        0 -1 34136 4.7055759932845831e-04</internalNodes>
      <leafValues>
        3.3580151200294495e-01 -8.1270956993103027e-01</leafValues></_></weakClassifiers></stage9>
</opencv_storage>
