<?xml version="1.0"?>
<opencv_storage>
<stage12>
  <maxWeakCount>4</maxWeakCount>
  <stageThreshold>-8.9812421798706055e-01</stageThreshold>
  <weakClassifiers>
    <_>
      <internalNodes>
        0 -1 147597 -1.9996698945760727e-02</internalNodes>
      <leafValues>
        1. -7.5438594818115234e-01</leafValues></_>
    <_>
      <internalNodes>
        0 -1 39831 -3.8092099130153656e-03</internalNodes>
      <leafValues>
        4.9522346258163452e-01 -6.1556553840637207e-01</leafValues></_>
    <_>
      <internalNodes>
        0 -1 76460 -7.1547776460647583e-03</internalNodes>
      <leafValues>
        -1. 2.8187987208366394e-01</leafValues></_>
    <_>
      <internalNodes>
        0 -1 56293 5.3403917700052261e-03</internalNodes>
      <leafValues>
        2.6244452595710754e-01 -9.2084163427352905e-01</leafValues></_></weakClassifiers></stage12>
</opencv_storage>
