<?xml version="1.0"?>
<opencv_storage>
<stage10>
  <maxWeakCount>6</maxWeakCount>
  <stageThreshold>-1.4529200792312622e+00</stageThreshold>
  <weakClassifiers>
    <_>
      <internalNodes>
        0 -1 45569 1.0718967765569687e-02</internalNodes>
      <leafValues>
        -7.6179772615432739e-01 5.4285717010498047e-01</leafValues></_>
    <_>
      <internalNodes>
        0 -1 4607 1.8658226728439331e-01</internalNodes>
      <leafValues>
        -6.9155281782150269e-01 3.0697765946388245e-01</leafValues></_>
    <_>
      <internalNodes>
        0 -1 101747 4.4912617886438966e-04</internalNodes>
      <leafValues>
        2.5591206550598145e-01 -8.8849985599517822e-01</leafValues></_>
    <_>
      <internalNodes>
        0 -1 84774 -5.8496266137808561e-04</internalNodes>
      <leafValues>
        -7.1762061119079590e-01 3.6046996712684631e-01</leafValues></_>
    <_>
      <internalNodes>
        0 -1 85387 2.5709774345159531e-03</internalNodes>
      <leafValues>
        2.2836829721927643e-01 -1.</leafValues></_>
    <_>
      <internalNodes>
        0 -1 105965 9.8537397570908070e-04</internalNodes>
      <leafValues>
        -7.5111097097396851e-01 3.0009210109710693e-01</leafValues></_></weakClassifiers></stage10>
</opencv_storage>
