<?xml version="1.0"?>
<opencv_storage>
<stage15>
  <maxWeakCount>3</maxWeakCount>
  <stageThreshold>-1.3089972734451294e+00</stageThreshold>
  <weakClassifiers>
    <_>
      <internalNodes>
        0 -1 62099 4.4150357134640217e-03</internalNodes>
      <leafValues>
        -8.5614848136901855e-01 1.</leafValues></_>
    <_>
      <internalNodes>
        0 -1 7916 4.8245480284094810e-03</internalNodes>
      <leafValues>
        -8.4154170751571655e-01 3.9002609252929688e-01</leafValues></_>
    <_>
      <internalNodes>
        0 -1 123459 1.3233392382971942e-04</internalNodes>
      <leafValues>
        5.6661152839660645e-01 -8.4287494421005249e-01</leafValues></_></weakClassifiers></stage15>
</opencv_storage>
