<?xml version="1.0"?>
<opencv_storage>
<stage2>
  <maxWeakCount>4</maxWeakCount>
  <stageThreshold>-1.0034824609756470e+00</stageThreshold>
  <weakClassifiers>
    <_>
      <internalNodes>
        0 -1 27831 -1.5919279307126999e-02</internalNodes>
      <leafValues>
        6.1290323734283447e-01 -8.5645931959152222e-01</leafValues></_>
    <_>
      <internalNodes>
        0 -1 16756 4.1584849357604980e-02</internalNodes>
      <leafValues>
        -9.4217103719711304e-01 2.7555280923843384e-01</leafValues></_>
    <_>
      <internalNodes>
        0 -1 109891 5.4093487560749054e-03</internalNodes>
      <leafValues>
        -9.1209083795547485e-01 2.7257576584815979e-01</leafValues></_>
    <_>
      <internalNodes>
        0 -1 132895 -5.6202456355094910e-02</internalNodes>
      <leafValues>
        5.6857347488403320e-01 -6.9515168666839600e-01</leafValues></_></weakClassifiers></stage2>
</opencv_storage>
