<?xml version="1.0"?>
<opencv_storage>
<stage13>
  <maxWeakCount>5</maxWeakCount>
  <stageThreshold>-1.1985282897949219e+00</stageThreshold>
  <weakClassifiers>
    <_>
      <internalNodes>
        0 -1 28660 9.7508132457733154e-03</internalNodes>
      <leafValues>
        -7.7375566959381104e-01 5.7894736528396606e-01</leafValues></_>
    <_>
      <internalNodes>
        0 -1 76299 2.6329294778406620e-03</internalNodes>
      <leafValues>
        -6.0886353254318237e-01 5.1810783147811890e-01</leafValues></_>
    <_>
      <internalNodes>
        0 -1 13371 1.0488441213965416e-02</internalNodes>
      <leafValues>
        -4.5474952459335327e-01 7.0703589916229248e-01</leafValues></_>
    <_>
      <internalNodes>
        0 -1 46822 1.0172106325626373e-02</internalNodes>
      <leafValues>
        4.2633569240570068e-01 -7.7350449562072754e-01</leafValues></_>
    <_>
      <internalNodes>
        0 -1 75306 1.1086544021964073e-02</internalNodes>
      <leafValues>
        2.8537353873252869e-01 -9.1716468334197998e-01</leafValues></_></weakClassifiers></stage13>
</opencv_storage>
