<?xml version="1.0"?>
<opencv_storage>
<stage14>
  <maxWeakCount>5</maxWeakCount>
  <stageThreshold>-1.2793223857879639e+00</stageThreshold>
  <weakClassifiers>
    <_>
      <internalNodes>
        0 -1 64282 4.8207901418209076e-03</internalNodes>
      <leafValues>
        -7.9591834545135498e-01 7.9487180709838867e-01</leafValues></_>
    <_>
      <internalNodes>
        0 -1 10685 -1.2345584109425545e-02</internalNodes>
      <leafValues>
        4.6412262320518494e-01 -6.4370906352996826e-01</leafValues></_>
    <_>
      <internalNodes>
        0 -1 85393 4.3801218271255493e-03</internalNodes>
      <leafValues>
        -7.5752300024032593e-01 3.6482772231101990e-01</leafValues></_>
    <_>
      <internalNodes>
        0 -1 32148 2.1070627495646477e-02</internalNodes>
      <leafValues>
        3.0904689431190491e-01 -9.7953003644943237e-01</leafValues></_>
    <_>
      <internalNodes>
        0 -1 85793 1.7353103030472994e-03</internalNodes>
      <leafValues>
        -4.9905058741569519e-01 7.3755568265914917e-01</leafValues></_></weakClassifiers></stage14>
</opencv_storage>
