<?xml version="1.0"?>
<opencv_storage>
<stage6>
  <maxWeakCount>4</maxWeakCount>
  <stageThreshold>-1.2526516914367676e+00</stageThreshold>
  <weakClassifiers>
    <_>
      <internalNodes>
        0 -1 33233 1.0927356779575348e-02</internalNodes>
      <leafValues>
        -7.9487180709838867e-01 4.1176471114158630e-01</leafValues></_>
    <_>
      <internalNodes>
        0 -1 131538 -3.6192419938743114e-03</internalNodes>
      <leafValues>
        2.5051981210708618e-01 -7.7206456661224365e-01</leafValues></_>
    <_>
      <internalNodes>
        0 -1 102852 -3.8475869223475456e-03</internalNodes>
      <leafValues>
        -9.5880365371704102e-01 2.2520644962787628e-01</leafValues></_>
    <_>
      <internalNodes>
        0 -1 76570 1.4824949204921722e-02</internalNodes>
      <leafValues>
        3.5023865103721619e-01 -9.3350613117218018e-01</leafValues></_></weakClassifiers></stage6>
</opencv_storage>
