<?xml version="1.0"?>
<opencv_storage>
<stage1>
  <maxWeakCount>3</maxWeakCount>
  <stageThreshold>-1.4375269412994385e+00</stageThreshold>
  <weakClassifiers>
    <_>
      <internalNodes>
        0 -1 5924 2.8693374246358871e-02</internalNodes>
      <leafValues>
        -8.4210526943206787e-01 5.1612901687622070e-01</leafValues></_>
    <_>
      <internalNodes>
        0 -1 81997 -2.5719193741679192e-02</internalNodes>
      <leafValues>
        4.8414885997772217e-01 -8.8815796375274658e-01</leafValues></_>
    <_>
      <internalNodes>
        0 -1 34269 -1.3401350937783718e-02</internalNodes>
      <leafValues>
        2.9273623228073120e-01 -9.5324516296386719e-01</leafValues></_></weakClassifiers></stage1>
</opencv_storage>
