<?xml version="1.0"?>
<opencv_storage>
<stage16>
  <maxWeakCount>3</maxWeakCount>
  <stageThreshold>-7.0604801177978516e-01</stageThreshold>
  <weakClassifiers>
    <_>
      <internalNodes>
        0 -1 63581 -4.2627300717867911e-04</internalNodes>
      <leafValues>
        1. -8.9125293493270874e-01</leafValues></_>
    <_>
      <internalNodes>
        0 -1 89100 -2.0787066314369440e-03</internalNodes>
      <leafValues>
        1. -8.1479507684707642e-01</leafValues></_>
    <_>
      <internalNodes>
        0 -1 122484 -8.5461972048506141e-05</internalNodes>
      <leafValues>
        1. -7.2875243425369263e-01</leafValues></_></weakClassifiers></stage16>
</opencv_storage>
