<?xml version="1.0"?>
<opencv_storage>
<stage11>
  <maxWeakCount>6</maxWeakCount>
  <stageThreshold>-9.9193888902664185e-01</stageThreshold>
  <weakClassifiers>
    <_>
      <internalNodes>
        0 -1 156305 1.3636831194162369e-02</internalNodes>
      <leafValues>
        -7.6339286565780640e-01 6.8750000000000000e-01</leafValues></_>
    <_>
      <internalNodes>
        0 -1 8330 2.2764991968870163e-02</internalNodes>
      <leafValues>
        -7.9761093854904175e-01 2.6002272963523865e-01</leafValues></_>
    <_>
      <internalNodes>
        0 -1 75828 -1.3411822728812695e-03</internalNodes>
      <leafValues>
        -6.7086374759674072e-01 3.3424213528633118e-01</leafValues></_>
    <_>
      <internalNodes>
        0 -1 110297 7.0989561208989471e-05</internalNodes>
      <leafValues>
        -9.4311708211898804e-01 2.2138196229934692e-01</leafValues></_>
    <_>
      <internalNodes>
        0 -1 109766 -1.4200203586369753e-03</internalNodes>
      <leafValues>
        4.6224504709243774e-01 -5.7143080234527588e-01</leafValues></_>
    <_>
      <internalNodes>
        0 -1 85308 2.6995702646672726e-03</internalNodes>
      <leafValues>
        -4.4880425930023193e-01 5.9020215272903442e-01</leafValues></_></weakClassifiers></stage11>
</opencv_storage>
