<?xml version="1.0"?>
<opencv_storage>
<stage4>
  <maxWeakCount>4</maxWeakCount>
  <stageThreshold>-1.4332591295242310e+00</stageThreshold>
  <weakClassifiers>
    <_>
      <internalNodes>
        0 -1 158863 -2.7360472828149796e-02</internalNodes>
      <leafValues>
        4.5762711763381958e-01 -8.2422804832458496e-01</leafValues></_>
    <_>
      <internalNodes>
        0 -1 39008 6.5816892310976982e-03</internalNodes>
      <leafValues>
        -6.8682426214218140e-01 4.9458575248718262e-01</leafValues></_>
    <_>
      <internalNodes>
        0 -1 147029 -3.7064939737319946e-02</internalNodes>
      <leafValues>
        5.4182320833206177e-01 -6.4876419305801392e-01</leafValues></_>
    <_>
      <internalNodes>
        0 -1 35425 3.6029829643666744e-03</internalNodes>
      <leafValues>
        -4.2142471671104431e-01 7.2655743360519409e-01</leafValues></_></weakClassifiers></stage4>
</opencv_storage>
