<?xml version="1.0"?>
<opencv_storage>
<stage7>
  <maxWeakCount>5</maxWeakCount>
  <stageThreshold>-1.1506507396697998e+00</stageThreshold>
  <weakClassifiers>
    <_>
      <internalNodes>
        0 -1 151537 -1.4451389200985432e-02</internalNodes>
      <leafValues>
        3.7931033968925476e-01 -8.1042653322219849e-01</leafValues></_>
    <_>
      <internalNodes>
        0 -1 4202 4.5496653765439987e-02</internalNodes>
      <leafValues>
        -5.2839404344558716e-01 6.8836861848831177e-01</leafValues></_>
    <_>
      <internalNodes>
        0 -1 129058 -2.4204514920711517e-03</internalNodes>
      <leafValues>
        -9.7660118341445923e-01 2.6701208949089050e-01</leafValues></_>
    <_>
      <internalNodes>
        0 -1 156915 -1.6711454372853041e-03</internalNodes>
      <leafValues>
        5.9099048376083374e-01 -4.3770313262939453e-01</leafValues></_>
    <_>
      <internalNodes>
        0 -1 115099 1.3240626081824303e-02</internalNodes>
      <leafValues>
        3.5886090993881226e-01 -9.4581192731857300e-01</leafValues></_></weakClassifiers></stage7>
</opencv_storage>
