<?xml version="1.0"?>
<opencv_storage>
<stage5>
  <maxWeakCount>5</maxWeakCount>
  <stageThreshold>-1.6328881978988647e+00</stageThreshold>
  <weakClassifiers>
    <_>
      <internalNodes>
        0 -1 39087 -2.6408497244119644e-02</internalNodes>
      <leafValues>
        5.4545456171035767e-01 -7.8899085521697998e-01</leafValues></_>
    <_>
      <internalNodes>
        0 -1 97715 -4.8733828589320183e-04</internalNodes>
      <leafValues>
        2.0874027907848358e-01 -8.1881016492843628e-01</leafValues></_>
    <_>
      <internalNodes>
        0 -1 2967 7.5461240485310555e-03</internalNodes>
      <leafValues>
        1.8973307311534882e-01 -9.8524767160415649e-01</leafValues></_>
    <_>
      <internalNodes>
        0 -1 54571 -2.0118506625294685e-02</internalNodes>
      <leafValues>
        -8.7749236822128296e-01 3.2385575771331787e-01</leafValues></_>
    <_>
      <internalNodes>
        0 -1 134782 6.0526840388774872e-03</internalNodes>
      <leafValues>
        -4.6346655488014221e-01 6.6267204284667969e-01</leafValues></_></weakClassifiers></stage5>
</opencv_storage>
